304,Motorway Services,Roadchef,Odeon,Gluten Free Sandwiches,Hospital,Costa Coffee,Eating Out,High Street Stores,UK Eating Out,,,,,
303,Coffee,Coffee Shops,Chain Restaurants,Lunch,Toasties,Gluten Free Sandwiches,Costa Coffee,UK Eating Out,,,,,,
302,Aldi,Coffee Shops,Free From Aisle,Gluten Free Products,Own Brand,Gluten Free Bread,Gluten Free Pasta,Gluten Free Biscuits,Trial,Store List,,,,
300,Nestle,Supermarkets,Aldi,Gluten Free Products,Own Brand,Trial,Gluten Free Bread,,,,,,,
299,Morrisons,Asda,Sainsburys,Tesco,M&S,Gluten Free Chocolate,Pesto,Mayonnaise,Brown Sauce,Free From Aisle,Accidentally Gluten Free,Regular Aisles,Save Money,Shopping
298,Easter,Hot Cross Buns,Simnel Cake,Free From Aisle,Gluten Free Products,,,,,,,,,
297,Lindt,Easter Bunny,Cadbury,Easter,Easter Eggs,Free From Aisle,Gluten Free Chocolate,Dairy Free,,,,,,
296,Gluten Free Products,Small Businesses,Home Bakers,Markets,Farmers Markets,UK Small Businesses,Gluten Free Bakers,Online Retailers,Independent Retailers,Shopping,,,,
295,Dairy Free,Gluten Free KitKat,Christmas Products,Advent Calendars,Christmas,Free From Aisle,Quality Streets,Roses,Heroes,Celebrations,Gluten Free Chocolate,,,
294,Ocado,M&S,Waitrose,Supermarkets,Free From Aisle,Christmas,Christmas Products,Free From Aisle,Christmas Cake,Christmas Biscuits,Christmas Pudding,,,
293,Cross Grain Logo,Food Labelling,Barley Malt Vinegar,Sarsons,Mizhan,Coeliac Safe Limit,20ppm,,,,,,,
292,Seaside,Gluten Free Chip Shops,100% Gluten Free,UK Eating Out,Eating Out,Vote,Gluten Free Fish and Chips,,,,,,,
291,Heinz,Muller,Gluten Free Products,May Contain Warnings,Recipe Change,Haribo,Allergen Update,,,,,,,
290,Promise Gluten Free,Gluten Free Bakery,Bread,Doughnuts,Sausage Rolls,Gluten Free Alternatives,Independent Retailers,UK Small Businesses,,,,,,
289,Ingredients,Gluten Free Sweets,May Contain Warnings,Haribo,Recipe Change,,,,,,,,,
288,Easter,Easter Eggs,Gluten Free Chocolate,Free From Aisle,Dairy Free,Supermarkets,Cadbury,Nestle,,,,,,
287,West Yorkshire,North Yorkshire,Nandos,Chain Restaurants,Anglesey,Gluten Free Eating Out,Cheshire,Staffordshire,Lounges,UK Eating Out,,,,
286,Advent Calendars,Christmas,Gluten Free Chocolate,Cadbury,Supermarkets,Dairy Free,,,,,,,,
285,Genius,Home Bargains,Schar,Gluten Free Products,Free From Aisle,Gluten Free Bread,Gluten Free Cake,,,,,,,
284,Supermarkets,Christmas,Gluten Free Products,Free From Aisle,Christmas Cake,Christmas Pudding,Christmas Biscuits,,,,,,,
283,Product Recalls,Crisps,Tesco,Supermarkets,Undeclared Gluten,FSA,,,,,,,,
282,Lidl,Eat Real,Lentil Chips,Product Recalls,Undeclared Gluten,May Contain Warnings,FSA,,,,,,,
281,Coeliac Awareness Month,Aldi,Gluten Free Products,Special Buys,,,,,,,,,,
280,Europe,Australia,Gluten Free Bread,UK Gluten Free,Africa,America,Asia,Costs,,,,,,
279,Ready Meals,Gluten Free Pizza,Iceland,Food Warehouse,Kirstys Gluten Free,Supermarkets,Gluten Free Products,,,,,,,
278,Food Fairs,Free From Festival,Bristol,Creative Nature,Luxlo,Liberate,Food Fair,Independent Retailers,UK Small Businesses,,,,,
277,Holyhead,UK Eating Out,North Wales,Gwynedd,Conwy,Llandudno,Gluten Free Eating Out,Gluten Free Chip Shops,Café,,,,,
249,Easter Eggs,Gluten Free Chocolate,Gluten Free KitKat,Terrys Chocolate Orange,Smarties,Easter,Gluten Free Chocolate,Dairy Free,,,,,,
276,Glasgow,Allergy Show,London,Birmingham,Free From Show,Food Fair,Event,,,,,,,
275,Alcohol,WKD,Vodka,Product Change,May Contain Warnings,,,,,,,,,
274,May Contain Warnings,Coffee Shops,Dairy Free Milk,Almond Milk,Costa Coffee,Steam Wand,Cross Contamination,,,,,,,
273,UK Gluten Free,Travelling,Isle of Wight,UK Eating Out,Gluten Free Eating Out,Coffee Shops,,,,,,,,
272,Gluten Free Chocolate,Gluten Free Sweets,Advent Calendars,Dairy Free,Christmas,,,,,,,,,
271,Somerset,Restaurants,Bath,Longleat,Attractions,UK Gluten Free,Gluten Free Eating Out,,,,,,,
270,Wildcraft Bakery,Gluten Free Bread,Factories,Manufacturers,Cross Grain Logo,Lab Testing,Ingredients,Costs,,,,,,
269,Coeliac Disease,Allergies,Coeliac Disease,Coeliac Symptoms,Mouth Ulcers,Acid,Neurological Issues,,,,,,,
268,Disneyland,Eating Abroad,France,Paris,Travel Cards,Gluten Free Abroad,,,,,,,,
267,London,Afternoon Tea,UK Gluten Free,100% Gluten Free,Gluten Free Eating Out,Honest Burger,Gluten Free Bakery,Chain Restaurants,,,,,,
265,Gluten Free Cake,Truly Gluten Free,Home Bargains,Free From Aisle,Gluten Free Products,Gluten Free Bread,,,,,,,,
264,Holidays,Travelling,Gluten Free Abroad,Spain,Italy,Ireland,Australia,New Zealand,Finland,Cyprus,Portugal,USA,Turkey,
263,Oats,Oat Milk,Dairy Free Milk,Costa Coffee,Cross Contamination,May Contain Warnings,Steam Wand,,,,,,,
262,Manchester,Southport,Blackpool,UK Gluten Free,Gluten Free Eating Out,Chain Restaurants,Fish and Chips,Gluten Free Bakery,Cheshire,Scotland,Lounges,Chinese,,
261,Labelling Laws,Misconceptions,Myths,Baileys,Marmite,Yeast Extract,Mustard,FSA,,,,,,
256,Morrisons,Christmas,Gluten Free Mince Pies,Supermarkets,M&S,Tesco,Asda,Sainsburys,,,,,,
255,Tortillas,Gluten Free Products,Free From Aisle,Christmas,,,,,,,,,,
254,Baking,Kitchen Products,Planit,Planit Products,Toastabags,Cake Liners,Tin Liners,Travelling,Sponsored Blog,,,,,
253,Save Money,Regular Aisles,Free From Aisle,Accidentally Gluten Free,Supermarkets,Gluten Free Products,Mayonnaise,Brown Sauce,Gluten Free Pasta,Gluten Free Chocolate,,,,
252,Gluten Free Cake,Gluten Free Pastry,Tesco,Supermarkets,Gluten Free Products,Coeliac Awareness Month,Crisps,Cupcake Kits,Breadcrumbs,,,,,
251,Gluten Free Hobnobs,Coeliac Awareness Month,Bfree,Special Buys,Aldi,Schar,Betty Crocker,Nairns,Prewetts,,,,,
250,Gluten Free Crisps,Crisps,Accidentally Gluten Free,Seabrooks,Home Brand,Supermarkets,,,,,,,,
248,Mars,Gluten Free Chocolate,Malteasers,Chocoholic,Accidentally Gluten Free,Gluten Free Sweets,Cadbury,Nestle,Home Brand,Supermarkets,Kinder,,,
247,Lazy Days,Gluten Free KitKat,Home Bargains,Freely Scrumptious,Gluten Free Products,Nestle,Vegan,Bounty,Topic,,,,,
246,Holidays,Italy,Europe,Travelling,KLM,Travel Cards,Venice,Rome,Naples,Italian Coeliac Association,100% Gluten Free,Grom,,
245,Gluten Free KitKat,KitKat Santa,Gluten Free Chocolate,Nestle,Christmas,,,,,,,,,
244,Baking Tips,Coronavirus,Covid 19,Gluten Free Flour,No Flour,Baking,Cooking,,,,,,,
243,Doves Farm,Online Shopping,Wheat Free Bakery,Coronavirus,Covid 19,Pandemic,Independent Retailers,Home Bakers,Gluten Free Bakery,,,,,
241,Gluten Free KitKat,KitKat Santa,Gluten Free Products,Nestle,,,,,,,,,,
240,Free From Aisles,Christmas,Christmas Products,Christmas Cake,Asda,Tesco,Sainsburys,Supermarkets,,,,,,
239,Free From Aisles,Gluten Free Products,Store List,Iceland,Gluten Free Pizza,Frozen Food,,,,,,,,
238,Gluten Free Pizza,Gluten Free Products,Frozen Food,Free From Aisle,Iceland,,,,,,,,,
237,Harry Potter,Leavesden,Day Out,Travelling,UK Gluten Free,Gluten Free Eating Out,Watford,Harry Potter Studio Tour,Attractions,,,,,
236,Chester,Glasgow,Cream Tea,Afternoon Tea,UK Gluten Free,Gluten Free Eating Out,Travelling,,,,,,,
235,Cruise,Royal Caribbean,P&O,Cruise Ship,Holiday,Gluten Free Abroad,Travelling,Travel Cards,Coeliac Holiday,,,,,
234,Subway,Gluten Free Eating Out,Gluten Free Bread,Cross Contamination,Chain Restaurants,,,,,,,,,
233,Gluten Free Pizza,Create Your Own,Morrisons,Supermarkets,Gluten Free Products,,,,,,,,,
232,Shopping,Tips,Blood Test,Gastroscopy,Coeliac Symptoms,May Contain Warnings,Labelling Laws,Accidentally Gluten Free,Cross Contamination,UK Gluten Free,Gluten Free Eating Out,,,
231,Whitby,North Yorkshire,UK Gluten Free,Gluten Free Eating Out,Fish and Chips,,,,,,,,,
229,Sainsburys,Supermarkets,Free From Aisle,Gluten Free Products,Coeliac Awareness Month,,,,,,,,,
228,Pret,Gluten Free Sandwiches,Cross Contamination,Gluten Intolerance,,,,,,,,,,
227,Questions,Gluten Free Eating Out,Cross Contamination,Fryers,Allergy Book,UK Gluten Free,,,,,,,,
224,Cooking,Slow Cooker,Instant Pot,Recipes,Meal Ideas,,,,,,,,,
223,Sweet Mandarin,Chinese,Cooking,Gluten Free Chinese,Chinese New Year,Recipes,,,,,,,,
222,Made Without,Spring Rolls,M&S,Gluten Free Products,Free From Aisle,,,,,,,,,
221,Stamps,Myths,Misconceptions,Vinegar,Barley Malt,Lab Testing,Cross Grain Logo,Coeliac Safe Limit,20ppm,Coeliac UK,,,,
220,Vegan Gluten Free,Jackfruit,Vegan,Accidentally Gluten Free,Supermarkets,Gluten Free Products,,,,,,,,
219,Veganuary,No Meat,Meat Free,Vegan Gluten Free,Supermarkets,Gluten Free Products,,,,,,,,
218,Coeliac Sanctuary,Recipes,New Year,Blogs,UK Gluten Free,Gluten Free Eating Out,Travel Cards,Shop,,,,,,
217,Co-op,Asda,Sainsburys,Tesco,Morrisons,Supermarkets,Gluten Free Products,Christmas,Free From Aisles,,,,,
216,Funny,Santa Claus,Christmas,Coeliac Disease,Humour,,,,,,,,,
215,Local Businesses,Cake Maker,Independent Retailers,UK Small Businesses,Home Bakers,Farmers Markets,,,,,,,,
214,Diet Plan,Weight Loss,Healthy Eating,Slimming World,Story,,,,,,,,,
213,Liverpool,Willow Cottage Kitchen,Jubels,Allergy Show,Independent Retailers,Food Fair,Event,,,,,,,
212,Gluten Free Chocolate,Advent Calendars,Dairy Free,Christmas,,,,,,,,,,
211,M&S,Party Food,Made Without,Gluten Free Sandwiches,Dairy Free,Christmas Food To Order,,,,,,,,
210,Gluten Free Panettone,Asda,Sainsburys,Christmas,Free From Aisle,Gluten Free Products,,,,,,,,
209,Gluten Free Panettone,Gluten Free Yule Log,Christmas,Tesco,Free From Aisle,,,,,,,,,
208,Scotland,Edinburgh,UK Gluten Free,Gluten Free Eating Out,100% Gluten Free,Gluten Free Bakery,Travelling,,,,,,,
207,University,Education,Parties,Birthday,Save Money,Recipes,Juvela,Gluten Free Bread,Sponsored Blog,,,,,
206,Cooking,Spicentice,Spice Kits,Spices,Save Money,Recipes,,,,,,,,
204,Special Buys,Aldi,Gluten Free Products,Eat Real,Bfree,Betty Crocker,,,,,,,,
203,Gluten Free Meaning,20ppm,Labelling Laws,FSA,Coeliac Safe Level,,,,,,,,,
201,Quorn,Vegetarian,Product Recalls,May Contain Warnings,,,,,,,,,,
200,Asda,Supermarkets,Gluten Free Products,Free From Aisle,,,,,,,,,,
199,Autoimmune Disorders,Gluten Intolerance,Food Intolerances,Gluten Sensitivity,Coeliac Diesase,,,,,,,,,
198,Event,Baking,Bake With A Legend,Great British Bake Off,Howard Middleton,Sponsored Blog,,,,,,,,
197,Burgers,DC Comics,Doughnuts,,,,,,,,,,,
196,Gluten Free Products,Tips,BBQ,Accidentally Gluten Free,Cross Contamination,Gluten Free Products,,,,,,,,
195,Home Bargains,Gluten Free Products,Schar,Gluten Free Bread,Free From Aisle,,,,,,,,,
194,Ice Lollies,Gluten Free Ice Cream,Accidentally Gluten Free,Naturally Gluten Free,Dairy Free,,,,,,,,,
162,Diagnosis,Story,Coeliac Sanctuary,Coeliac Symptoms,Coeliac Disease,Autoimmune Disorders,,,,,,,,
161,Seabrooks,Special Buys,Betty Crocker,Coeliac Awareness Month,Aldi,Supermarkets,Gluten Free Products,,,,,,,
160,Taster Event,M&S,Made Without,Store List,Event,,,,,,,,,
202,Gluten Free Products,BBQ,Aldi,Accidentally Gluten Free,Naturally Gluten Free,,,,,,,,,
159,A to Z,Baking Tips,Cooking,Baking,Tips,Gluten Free Flour,Vegan,Gluten Free Oats,Naturally Gluten Free,,,,,
158,A to Z,Baking Tips,Cooking,Baking,Tips,Home Baking,Cornflour,Naturally Gluten Free,,,,,,
157,Sainsburys,Supermarkets,Gluten Free Products,Free From Aisle,Cornetto,Gluten Free Ice Cream,Promise Gluten Free,Gluten Free Bread,,,,,,
156,Gluten Free Eating Out,Wales,Anglesey,UK Gluten Free,Pub,Café,Fish and Chips,,,,,,,
155,100% Gluten Free,Gluten Free Bakery,Event,Baking,Cookery Course,Wildcraft Bakery,,,,,,,,
153,Beatrix Potter,Grimsby,Healing Manor Hotel,Lincolnshire,Afternoon Tea,UK Gluten Free,Gluten Free Eating Out,,,,,,,
152,Accidentally Gluten Free,Naturally Gluten Free,Gluten Free Products,Supermarkets,Muller Light,Asda,Tesco,Crisps,,,,,,
151,British Heart Foundation,Dechox,Charity,Chocoholic,,,,,,,,,,
150,Warburtons Gluten Free,Lidl,Supermarkets,Gluten Free Products,,,,,,,,,,
149,British Heart Foundation,Charity,Dechox,Chocoholic,,,,,,,,,,
148,Fresh Bread,Store List,Morrisons,Gluten Free Bread,Gluten Free Bakery,Supermarkets,,,,,,,,
147,Gluten Free Bakery,Cookie Dough,Whole Creations,Morrisons,Supermarkets,Gluten Free Bread,,,,,,,,
145,Cross Grain Logo,Sausages,Product Change,M&S,,,,,,,,,,
144,Mrs Crimbles,B&M,Nairns,Save Money,Gullon,Gluten Free Products,,,,,,,,
143,Scotch Eggs,M&S,Product Recalls,Made Without,May Contain Warnings,,,,,,,,,
142,Gluten Free Ice Cream,Cornetto,Slimming World,Halo Top,Dairy Free,Vegan,,,,,,,,
141,Richmond,Sausages,Gluten Free Products,Asda,Supermarkets,Discontinued Products,,,,,,,,
140,Asda,Ready Meals,Supermarkets,Free From Aisle,Gluten Free Pasta,Desserts,,,,,,,,
138,Naan Bread,Ocado,M&S,Free From Aisle,Gluten Free Products,Supermarkets,Frozen Foods,Gluten Free Bread,,,,,,
136,Budget,Save Money,Frozen Food,Free From Aisle,Reduced Products,Baking,Cooking,Recipes,Food Fairs,,,,,
135,Lovemore,Hampers,Virginia Hayward,Gluten Free Hampers,Gifts,Sponsored Blog,,,,,,,,
134,Christmas,Christmas Products,Gluten Free Chocolate,Dairy Free,,,,,,,,,,
133,Airports,Travelling,UK Gluten Free,Coeliac Holidays,Travel Cards,M&S,Boots,Costa Coffee,Leon,London,Manchester,Birmingham,,
132,Shopping,Christmas Markets,Manchester,Arndale,UK Gluten Free,Christmas,Attractions,,,,,,,
131,Gluten Free Chip Shops,Fish and Chips,UK Gluten Free,Gluten Free Eating Out,,,,,,,,,,
130,Competition,Lovello,Juvela,Sponsored Blog,,,,,,,,,,
129,Liverpool,Merseyside,Allergy Show,Food Fair,Free From Show,Independent Retailers,Juvela,Schar,Tesco,Nairns,,,,
128,Lidl,M&S,Christmas Products,Waitrose,Aldi,Free From Aisle,Gluten Free Products,,,,,,,
127,Christmas,Gluten Free Chocolate,Advent Calendars,Dairy Free,Christmas Products,,,,,,,,,
126,Free From Aisles,Gluten Free Products,Asda,Morrisons,Supermarkets,Christmas,,,,,,,,
125,Taster Event,M&S,Store List,Event,,,,,,,,,,
124,Cross Grain Logo,Soup,Coop,Supermarkets,,,,,,,,,,
123,Disneyland,France,Paris,Travelling,Travel Cards,Gluten Free Abroad,,,,,,,,
122,Christmas Products,Free From Aisles,Gluten Free Products,Sainsburys,Tesco,Supermarkets,,,,,,,,
121,Story,Coeliac Symptoms,Coeliac Disease,Hospital,,,,,,,,,,
120,Taster Event,Sponsored Blog,Event,Tesco,Store List,Gluten Free Bread,,,,,,,,
119,Juvela,Recipes,Sponsored Blog,Gluten Free Sandwiches,Gluten Free Bread,,,,,,,,,
118,Gluten Free Products,Free From Aisles,Tesco,Supermarkets,,,,,,,,,,
117,Prescriptions,Sponsored Blog,Juvela,Gluten Free Bread,Tesco,Supermarkets,,,,,,,,
116,Gluten Free Products,Tesco,Asda,Supermarkets,Free From Aisle,,,,,,,,,
115,Vinegar,Barley Malt,Gluten Free Wheat Starch,20ppm,Coeliac Safe Level,Barley Malt Vinegar,,,,,,,,
114,Fad Diets,Myths,Misconceptions,Coeliac Symptoms,Coeliac Disease,,,,,,,,,
112,Bowel Cancer,Cancer,Story,Coeliac Disease,,,,,,,,,,
111,Travelling,Afternoon Tea,Gluten Free Eating Out,UK Gluten Free,,,,,,,,,,
110,Lovemore,Aldi,Special Buys,Gluten Free Products,,,,,,,,,,
109,Glasgow,Scotland,Morrisons,Free From Aisle,,,,,,,,,,
108,Tesco,Asda,Free From Aisle,Gluten Free Products,Supermarkets,,,,,,,,,
107,Goodfellas,Lovemore,Lidl,Supermarkets,Gluten Free Pizza,,,,,,,,,
106,Kill Gluten,Myths,Misconceptions,Destroy Gluten,Frying,Fish and Chips,,,,,,,,
105,Allergy Show,Food Fair,London,Gluten Free Products,Event,,,,,,,,,
104,Travelling,Coastal,England,Wales,Scotland,Fish and Chips,Gluten Free Ice Cream,Coeliac Holidays,,,,,,
102,Feel Free,Liquidation,Eclairs,Free From Aisle,Gluten Free Cake,Tesco,,,,,,,,
101,Summer,Supermarkets,Frozen Food,Gluten Free Ice Cream,Ice Lollies,Dairy Free,,,,,,,,
100,Doves Farm,Gluten Free Flour,Freee,Rebranding,,,,,,,,,,
99,Gluten Free Pasta,Birthday Cake,Morrisons,Gluten Free Products,Free From Aisle,,,,,,,,,
98,Sainsburys,Event,Gluten Free Bakery,Store List,,,,,,,,,,
97,Gluten Freevolution,Delicous Alchemy,Coeliac Awareness Month,Morrisons,Aldi,Tesco,M&S,Supermarkets,Forth Valley,Coeliac UK,,,,
96,Taster Event,Event,M&S,Made Without,,,,,,,,,,
95,Made Without,M&S,Free From Aisle,Gluten Free Products,Sausage Rolls,,,,,,,,,
94,Doves Farm,Flour,Freee,Sainsburys,Own Brand,,,,,,,,,
93,Medication,Ease Pain,Stomach Cramps,Coeliac Symptoms,Coeliac Disease,Nausea,Peppermint,Hydration,Acid,,,,,
92,Old El Paso,Gluten Free Products,Tortillas,Tacos,,,,,,,,,,
91,Pieminister,Gluten Free Pies,Gluten Free Products,Sainsburys,,,,,,,,,,
90,M&S,Made Without,Gluten Free Products,Free From Aisle,,,,,,,,,,
89,Coeliac Problems,Humour,Bunless Burgers,Cross Contamination,,,,,,,,,,
88,NHS,Prescriptions,CCG,UK Gluten Free,,,,,,,,,,
87,Product Recalls,Barley Malt,Lindt,Easter Eggs,,,,,,,,,,
85,Schwartz,Covent Garden,Spice Kits,Event,Blogger,Exclusive Event,,,,,,,,
84,Morrisons,Packet Mixes,Free and Easy,Gluten Free Products,Free From Aisle,Gluten Free Pasta,,,,,,,,
83,Genius,Gluten Free Products,Free From Aisle,Breakfast,,,,,,,,,,
82,Mr Kipling,Gluten Free Cake,Gluten Free Products,Cherry Bakewell,,,,,,,,,,
81,Rivington,Wafers,Pink Panther,Pink Wafers,,,,,,,,,,
80,Tesco,Sauces,Cooking,Stir Fry,Recipes,,,,,,,,,
79,Gluten Free Bakery,Gluten Free Bread,Sainsburys,Gluten Free Products,,,,,,,,,,
78,Product Recalls,Doritos,May Contain Warnings,Cross Contamination,Morrisons,B&M,,,,,,,,
77,Sweet Mandarin,Chinese,Gluten Free Chinese,Cooking,Event,Cooking Courses,Manchester,UK Gluten Free,,,,,,
76,McDonalds,On The Go,Boots,Lunch,Gluten Free Sandwiches,M&S,Morrisons,Costa Coffee,,,,,,
75,NHS,Prescriptions,BMJ,British Medical Journal,CCG,UK Gluten Free,Coeliac Disease,,,,,,,
74,Doritos,PepsiCo,Product Recalls,May Contain Warnings,Cross Contamination,,,,,,,,,
73,Cinema,Popcorn,UK Gluten Free,Gluten Free Snacks,Vue,Cineworld,,,,,,,,
72,Christmas,Free From Aisles,Christmas Products,Gluten Free Products,Tesco,Asda,Morrisons,Supermarkets,Gingerbread House,,,,,
71,Starbucks,Caffe Nero,Costa Coffee,Gluten Free Mince Pies,Festive Drinks,Gluten Free Eating Out,,,,,,,,
177,Betty Crocker,Packet Mixes,Gluten Free Cake,Product Review,,,,,,,,,,
70,Trails,Market Street,Morrisons,Gluten Free Pizza,,,,,,,,,,
69,Udis,Liquidation,Boulder Brands UK,UK Gluten Free,,,,,,,,,,
68,Gluten Free Products,Aldi,Supermarkets,Special Buys,Cornwall,Trial,,,,,,,,
67,Food Safety,Products,Tayto,Gluten Free Crisps,,,,,,,,,,
66,Naturally Gluten Free,Muscle Food,Product Review,Sponsored Blog,Sausages,Burgers,BBQ,,,,,,,
65,Prescriptions,Debate,Westminster Hall,NHS,CCG,Coeliac Disease,,,,,,,,
64,Jus Rol,Gluten Free Pastry,Jus Rol,Gluten Free Products,Gluten Free Pastry,Mr Kipling,Gluten Free Cake,,,,,,,
63,Very Low Gluten,Gluten Free Meaning,100ppm,20ppm,Coeliac Safe Level,May Contain Warnings,NGCI,,,,,,,
62,NHS,Prescriptions,Somerset,UK Gluten Free,,,,,,,,,,
61,Ed's Easy Diner,Liquidation,Chain Restaurants,Gluten Free Eating Out,,,,,,,,,,
60,Christmas,Supermarkets,Gluten Free Products,Free From Aisle,Asda,Morrisons,Tesco,Sainsburys,Whole Creations,,,,,
59,Product Recalls,Mister Free'd,Crackers,May Contain Warnings,FSA,,,,,,,,,
58,Profiteroles,Morrisons,Dairy Free,Free From Aisle,Rule of Crumb,Gluten Free Products,,,,,,,,
57,Brownies,Greggs,Chain Restaurants,Prepacked Cake,UK Gluten Free,,,,,,,,,
55,Morrisons HQ,Morrisons,Blogger,Behind the Scenes,Christmas,Gluten Free Products,Genius,Perkier,Heck,Schar,Alpro,Gosh,,
54,Greggs,UK Gluten Free,Chain Restaurants,Prepacked Cake,,,,,,,,,,
53,Food Standards Agency,NGCI,FSA,Labelling Laws,Gluten Free Eating Out,,,,,,,,,
52,McVities,Hobnobs,Supermarkets,Gluten Free Products,Tesco,Waitrose,Free From Aisle,,,,,,,
173,McVities,Product Review,Hobnobs,Gluten Free Products,,,,,,,,,,
51,Doncaster,South Yorkshire,Sainsburys,Event,,,,,,,,,,
49,McVities,Hobnobs,Gluten Free Products,Free From Aisle,,,,,,,,,,
48,Supermarkets,Morrisons,Free From Aisle,New Layout,,,,,,,,,,
47,Interview,Book,Charity,DACrowdfund,Delicious Alchemy,Coeliac Sanctuary,,,,,,,,
46,Shopping,Free From Aisles,Regular Aisles,Save Money,Supermarkets,Accidentally Gluten Free,,,,,,,,
45,M&S,Made Without,Store List,Gluten Free Products,,,,,,,,,,
43,Kill Gluten,Destroy Gluten,Heat,Myths,Misconceptions,Fish and Chips,Fryers,,,,,,,
42,Interview,V:GD,Raw Desserts,Leicester,Coeliac Sanctuary,,,,,,,,,
41,Starbucks,Costa Coffee,M&S,Motorway Services,Travelling,UK Gluten Free,Gluten Free Eating Out,,,,,,,
40,Greggs,Patisserie Valerie,UK Gluten Free,Gluten Free Cakes,Prepacked Cakes,,,,,,,,,
39,Chiquito,Bella Italia,Pizza Express,TGI Friday,Nandos,Toby Carvery,Chain Restaurants,Gluten Free Eating Out,UK Gluten Free,,,,,
38,Christmas,Gluten Free Chocolate,May Contain Warnings,Gluten Ingredients,Sausages,,,,,,,,,
37,Starbucks,Caffe Nero,Costa Coffee,Chain Restaurants,UK Gluten Free,Gluten Free Eating Out,,,,,,,,
36,May Contain Warnings,Labelling Laws,FSA,Coeliac Safe,Cross Grain Logo,Cross Contamination,,,,,,,,
35,Gluten Free Beer,Gluten Free Cake,Christmas,Free From Aisle,Gluten Free Products,M&S,Sausage Rolls,Tesco,Moo Free,Dairy Free,Asda,Gluten Free Mince Pies,Sainsburys,
34,Comments,Humour,Fad Diets,Autoimmune Disease,Coeliac Disease,,,,,,,,,
33,Liverpool,Allergy Show,Food Fair,Event,Free From Show,,,,,,,,,
32,Product Recalls,May Contain Warnings,Cross Contamination,Coeliac UK,FSA,,,,,,,,,
31,Lactose Intolerance,Coffee,,,,,,,,,,,,
166,Goodfellas,Product Review,Gluten Free Pizza,Gluten Free Products,Free From Aisle,,,,,,,,,
164,Tesco,Profiteroles,Free From Aisle,Dairy Free,,,,,,,,,,
29,Misconceptions,Humour,Heat,Coeliac Disease,Fad Diet,Dairy Free,,,,,,,,
28,Autism,Casein,Coeliac Disease,Coeliac Symptoms,,,,,,,,,,
27,Cosmetics,Make Up,Lipstick,Beauty Products,Coeliac Disease,,,,,,,,,
26,Wine,Spirits,Alcohol,Gluten Free Beer,,,,,,,,,,
25,Product Recalls,Salmonella,FSA,Tesco,,,,,,,,,,
24,NHS,Prescriptions,Daily Mail,UK Gluten Free,,,,,,,,,,
23,Feeling Ill,Stomach Bugs,Coeliac Symptoms,Coeliac Disease,Fad Diet,,,,,,,,,
22,Medication,Eating Gluten,Gluten Pills,Coeliac Disease,,,,,,,,,,
21,Cooking Courses,Essex,Braxted Park,Cooking,Event,,,,,,,,,
20,Walls,Gluten Free Ice Cream,Nestle,Gluten Free Products,Supermarkets,,,,,,,,,
19,NHS,Prescriptions,CCG,UK Gluten Free,,,,,,,,,,
18,Wetherby,Glutafin,Food Fair,Coeliac UK,Juvela,Tesco,Warburtons,Natures Path,Voakes,Feel Free,Wheat Free Bakery,Event,,
17,Naan Bread,Pitta Bread,Product Recalls,FSA,Tesco,Asda,Sainsburys,Waitrose,Livwell,Gluten Free Bread,May Contain Warning,,,
16,Festivals,Glastonbury,Download,Music Festivals,UK Gluten Free,BBQ,Alcohol,,,,,,,
15,Gluten Free Diet,Banana Diet,History,Tinned Bread,Story,Gluten Free Products,Timeline,,,,,,,
14,Udis,Food Fair,Event,Coeliac UK,Nairns,Tesco,Juvela,Voakes,,,,,,
13,Chester,Holland and Barrett,Concept Store,Free From Aisle,Gluten Free Products,,,,,,,,,
12,Allergens,Labelling Laws,FSA,May Contain Warnings,Gluten Ingredients,,,,,,,,,
11,Lactose Intolerance,Dairy Free,Coeliac Disease,Coeliac Symptoms,Lactose Free,,,,,,,,,
10,Cosmetics,Medication,Stamps,Glue,Misconceptions,Myths,Gluten Ingredients,,,,,,,
9,Travelling,Travel Cards,Gluten Free Abroad,Gluten Free Eating Out,Attractions,Airports,Flying,Cruises,Disneyland,,,,,
8,Fast Food,Gluten Free Chip Shops,Gluten Free Eating Out,Fish and Chips,,,,,,,,,,
7,Gluten Free Diet,Fad Diet,Coeliac Disease,Autoimmune Disease,,,,,,,,,,
6,Gluten Ingredients,Labelling Laws,FSA,NGCI,,,,,,,,,,
5,Chronic Fatigue Syndrome,Fibromyalgia,Coeliac Disease,Autoimmune Disease,,,,,,,,,,
4,Chronic Fatigue Syndrome,Fibromyalgia,Coeliac Disease,Autoimmune Disease,,,,,,,,,,
3,South Park,Ebola,Television,Coeliac Sanctuary,Gluten Free Eating Out,Mrs Crimbles,,,,,,,,
2,Harry Potter,Leon,London,UK Gluten Free,Gluten Free Eating Out,,,,,,,,,
1,Welcome,Coeliac Sanctuary,Coeliac Disease,Blogger,,,,,,,,,,
